<?xml version="1.0" encoding="UTF-8"?>
<project-private xmlns="http://www.netbeans.org/ns/project-private/1">
    <editor-bookmarks xmlns="http://www.netbeans.org/ns/editor-bookmarks/2" lastBookmarkId="0"/>
    <open-files xmlns="http://www.netbeans.org/ns/projectui-open-files/2">
        <group>
            <file>file:/C:/DataStructure/CorporateAtlas/src/com/corporateatlas/controllers/searchalgorithm.java</file>
            <file>file:/C:/DataStructure/CorporateAtlas/src/com/corporateatlas/views/CorporateAtlas.java</file>
            <file>file:/C:/DataStructure/CorporateAtlas/src/com/corporateatlas/models/CorporateDataModel.java</file>
            <file>file:/C:/DataStructure/CorporateAtlas/src/com/corporateatlas/models/DataModel.java</file>
            <file>file:/C:/DataStructure/CorporateAtlas/src/com/corporateatlas/controllers/algorithm.java</file>
        </group>
    </open-files>
</project-private>
